rainfall_mm_day,elevation_m,latitude,longitude,landslide_trigger,landslide_category,landslide_size
27.368,1551.0,25.3098633,94.48214677,downpour,landslide,medium
2.443,281.0,25.5215,93.1645,downpour,landslide,medium
24.587,471.0,24.75,93.4333,rain,landslide,medium
0.000,1898.0,25.0985,94.3619,unknown,landslide,medium
37.479,696.0,26.7223,95.0243,continuous_rain,landslide,medium
15.998,666.0,24.7625,93.4341,continuous_rain,landslide,medium
28.157,215.0,27.0987,93.816,continuous_rain,landslide,medium
37.552,577.0,25.1553,93.028,downpour,landslide,medium
25.882,154.0,25.1175,92.8573,downpour,landslide,medium
0.138,1305.0,24.9829,93.5063,continuous_rain,mudslide,medium
4.691,317.0,25.5125,93.3613,downpour,landslide,medium
14.803,1544.0,25.31006064,94.48265093,downpour,landslide,medium
5.586,1223.0,24.9925,93.5,downpour,landslide,medium
20.735,1707.0,27.6438,93.871,downpour,landslide,medium
85.971,732.0,24.8286,93.5935,downpour,landslide,medium
5.319,95.0,27.2298,94.0989,downpour,landslide,medium
5.515,289.0,25.9703,91.8584,unknown,landslide,medium
28.853,314.0,25.5145,90.2023,continuous_rain,landslide,medium
0.336,57.0,26.1548,91.7351,downpour,landslide,large
79.308,159.0,25.5242,92.9914,downpour,landslide,medium
22.033,780.0,24.6869,93.9157,downpour,landslide,medium
20.464,188.0,26.09748244,91.8744337,unknown,landslide,medium
1.304,1557.0,26.0319,94.5466,continuous_rain,landslide,medium
0.000,164.0,27.1249,93.7706,unknown,landslide,small
1.011,787.0,24.7505,93.4221,downpour,landslide,medium
11.169,1332.0,25.4477,94.0489,continuous_rain,landslide,medium
5.163,53.0,26.149,91.7351,downpour,landslide,medium
2.186,465.0,25.0672,93.4093,downpour,landslide,medium
5.887,54.0,26.1475,91.7356,downpour,landslide,large
0.138,1259.0,24.9037,93.487,continuous_rain,mudslide,medium
11.169,1778.0,25.4538,93.9827,continuous_rain,landslide,medium
19.657,1251.0,24.9818,93.5142,monsoon,mudslide,medium
90.219,81.0,26.1985,91.7998,rain,landslide,small
28.384,134.0,26.8727,94.9275,rain,landslide,medium
149.000,146.0,25.203,90.5573,continuous_rain,translational_slide,large
3.527,1286.0,25.7902,94.1318,downpour,landslide,medium
9.881,1069.0,24.8961,93.4957,downpour,mudslide,medium
53.403,23.0,24.8669,92.3576,rain,landslide,small
90.219,77.0,26.1314,91.7548,rain,landslide,small
5.914,1167.0,26.1699,94.4922,unknown,landslide,large
0.230,88.0,27.2333,94.1167,downpour,landslide,medium
22.397,869.0,25.03561729,94.0144205,rain,landslide,medium
47.293,236.0,26.1666,91.7042,continuous_rain,landslide,medium
2.644,1705.0,25.48,94.1383,continuous_rain,landslide,medium
80.447,28.0,24.7979,92.9974,continuous_rain,landslide,medium
65.755,54.0,26.1044,91.7082,rain,landslide,small
9.971,1033.0,24.9336,93.8275,monsoon,mudslide,medium
7.808,1395.0,25.0118,94.3136,monsoon,landslide,large
0.000,1144.0,25.1019,93.3729,continuous_rain,landslide,medium
2.488,1527.0,25.6278,94.1051,continuous_rain,landslide,medium
0.250,62.0,26.1407,91.7645,continuous_rain,landslide,small
73.513,41.0,24.808,93.117,rain,landslide,medium
16.180,307.0,25.5114,90.215,downpour,landslide,medium
23.446,182.0,25.9611,91.3681,continuous_rain,landslide,medium
9.469,883.0,24.7339,93.9161,downpour,mudslide,medium
28.944,88.0,26.1978,91.7665,downpour,landslide,medium
33.395,1610.0,24.819,94.3551,continuous_rain,landslide,medium
57.501,1384.0,25.463,92.2121,continuous_rain,landslide,medium
85.546,1831.0,24.9111,94.4759,continuous_rain,landslide,medium
3.957,248.0,26.1062,91.8717,continuous_rain,landslide,medium
0.000,47.0,25.5006,90.0896,rain,landslide,medium
18.461,147.0,26.1662,91.7138,rain,landslide,medium
90.219,70.0,26.1324,91.8342,rain,landslide,small
9.450,1148.0,25.8702,94.7844,downpour,landslide,medium
4.346,1622.0,26.0214,94.5224,continuous_rain,landslide,medium
0.000,768.0,24.7459,93.4251,continuous_rain,landslide,medium
16.689,803.0,25.2568,92.3825,rain,landslide,medium
90.219,144.0,26.1295,91.7056,rain,landslide,small
5.463,174.0,26.1963,91.8074,monsoon,landslide,small
12.884,1452.0,25.6633,94.4703,downpour,complex,medium
90.219,65.0,26.159,91.8178,rain,landslide,small
0.000,42.0,26.3333,91.25,downpour,landslide,medium
29.438,721.0,25.1718,93.123,downpour,landslide,medium
0.000,1339.0,25.426,94.6024,downpour,mudslide,medium
12.457,50.0,26.1868,91.6739,rain,rock_fall,medium
4.675,72.0,26.5836,93.0038,downpour,landslide,medium
19.457,1012.0,25.1333,93.9667,rain,landslide,medium
31.866,1773.0,25.0634,94.3415,continuous_rain,mudslide,medium
47.955,798.0,24.837,93.9128,downpour,landslide,medium
0.609,94.0,27.163,94,rain,landslide,medium
18.990,56.0,26.1619,91.7697,rain,landslide,small
7.323,1516.0,25.0604,93.9877,rain,landslide,medium
0.204,239.0,25.0951,92.3567,downpour,landslide,medium
33.436,264.0,24.9849,92.8411,mining,mudslide,medium
11.169,1431.0,25.5007,93.9854,continuous_rain,landslide,medium
7.746,1520.0,25.6263,94.1057,continuous_rain,landslide,medium
5.692,573.0,28.1737,94.7596,unknown,landslide,medium
0.363,317.0,27.0869,93.6086,downpour,landslide,large
55.038,1479.0,25.5772,91.8666,continuous_rain,landslide,small
12.212,529.0,24.8142,93.5444,downpour,landslide,very_large
0.000,185.0,25.0477,92.801,downpour,landslide,medium
8.271,1167.0,26.3185,94.5247,continuous_rain,landslide,medium
0.250,63.0,26.1844,91.7896,continuous_rain,landslide,small
3.310,1604.0,25.6237,94.1136,continuous_rain,mudslide,medium
23.335,62.0,26.49349035,91.72137514,rain,landslide,medium
29.702,854.0,24.9356,93.8443,rain,landslide,medium
15.099,403.0,24.7543,93.5039,rain,landslide,medium
16.689,162.0,25.1416,92.3807,rain,landslide,small
7.799,124.0,26.1961,91.7825,downpour,mudslide,medium
12.910,133.0,25.0728,92.3636,rain,landslide,medium
0.000,1094.0,25.1604,93.6795,unknown,landslide,medium
30.225,224.0,27.0136,92.6351,downpour,landslide,large
18.461,82.0,26.1771,91.7599,rain,landslide,medium
40.100,238.0,25.7713,93.8067,downpour,mudslide,medium
0.291,1590.0,27.8837,93.0515,rain,mudslide,medium
12.140,784.0,24.8063,93.9482,downpour,landslide,medium
11.169,1648.0,25.5098,93.8794,continuous_rain,landslide,medium
1.422,913.0,24.8628,94.4182,downpour,landslide,medium
31.371,1312.0,24.9786,93.5027,downpour,landslide,medium
21.303,892.0,25.2946,92.8339,rain,landslide,medium
10.860,77.0,26.1226,91.7162,downpour,landslide,medium
64.587,1447.0,25.583,91.893,downpour,landslide,medium
16.557,91.0,24.6005,92.3814,downpour,landslide,medium
37.051,2754.0,27.5799,91.8569,continuous_rain,landslide,medium
0.249,2407.0,27.5754,91.9754,downpour,landslide,medium
12.067,779.0,24.6596,93.9784,monsoon,landslide,medium
5.463,93.0,26.1768,91.7702,monsoon,landslide,small
0.432,1026.0,25.16,93.686,monsoon,landslide,medium
10.409,118.0,26.1016,91.6906,rain,landslide,medium
28.944,95.0,26.1965,91.763,downpour,landslide,medium
2.857,137.0,26.1028,91.8806,continuous_rain,landslide,medium
0.000,88.0,25.0318,92.4584,rain,landslide,small
27.654,156.0,26.1049,91.7369,downpour,landslide,large
118.909,404.0,27.36,93.0385,monsoon,landslide,medium
29.885,107.0,26.1309,91.8383,downpour,landslide,medium
8.494,1374.0,25.1555,93.8474,continuous_rain,landslide,small
59.979,268.0,25.0888,92.8551,downpour,complex,medium
1.731,74.0,26.048,91.8695,unknown,landslide,medium
16.180,322.0,25.5084,90.2191,downpour,rock_fall,small
26.742,689.0,26.7103,94.693,downpour,landslide,very_large
33.832,510.0,24.7679,93.4108,downpour,landslide,medium
1.310,1713.0,25.72,94.6219,continuous_rain,landslide,medium
20.447,1715.0,26.0101,94.5282,downpour,landslide,medium
568.794,272.0,25.2193,90.5549,continuous_rain,landslide,medium
7.138,2689.0,27.5748,91.8644,monsoon,landslide,medium
0.000,663.0,24.7016,93.5291,continuous_rain,landslide,medium
9.580,98.0,25.0633,92.8025,downpour,landslide,medium
83.273,1850.0,25.1122,94.3591,continuous_rain,landslide,medium
0.000,589.0,28.9986,94.8885,downpour,landslide,large
29.111,80.0,26.1964,91.7652,rain,landslide,medium
2.108,68.0,26.1833,91.8,rain,landslide,medium
0.000,284.0,25.9702,91.8587,rain,landslide,medium
2.473,572.0,24.9667,93.55,continuous_rain,mudslide,medium
20.120,658.0,25.1775,93.0123,downpour,landslide,medium
13.410,316.0,25.3056,93.1265,downpour,landslide,medium
63.388,1728.0,25.1941,94.4481,continuous_rain,landslide,medium
10.996,1140.0,24.9926,93.4946,rain,mudslide,medium
0.811,785.0,24.7992,93.948,downpour,landslide,medium
29.885,238.0,26.1665,91.7049,downpour,landslide,medium
83.273,931.0,24.954,94.2156,continuous_rain,landslide,small
60.065,694.0,25.1796,93.0083,downpour,mudslide,medium
115.347,725.0,27.3034,93.804,downpour,mudslide,medium
0.000,1395.0,25.9466,94.6279,unknown,mudslide,medium
18.795,396.0,25.2269,93.1658,downpour,landslide,medium
0.000,60.0,26.1468,91.6469,mining,landslide,small
0.000,34.0,24.6108,92.562,mining,landslide,medium
43.132,338.0,25.7354,90.3852,continuous_rain,landslide,large
7.915,63.0,25.8143,90.5763,continuous_rain,landslide,large
188.933,63.0,24.5308,92.5121,continuous_rain,landslide,small
11.169,1312.0,25.3908,94.0926,continuous_rain,landslide,small
9.595,106.0,26.1966,91.802,rain,landslide,medium
45.332,151.0,25.4749,93.1477,downpour,landslide,medium
65.755,60.0,26.1097,91.7747,rain,landslide,small
65.755,86.0,26.1001,91.6849,rain,landslide,small
46.870,312.0,28.235,94.9612,downpour,landslide,medium
39.702,146.0,26.1699,91.7986,rain,landslide,medium
